# Name,      Type, SubType, Offset,   Size,    Flags
# Flash 总大小 16MB (0x1000000)
# 布局：nvs + otadata + app0(7MB) + spiffs(2MB) + model(3MB) + voice_data(4MB) + coredump
nvs,         data, nvs,       0x9000,   0x5000,
otadata,     data, ota,       0xe000,   0x2000,
app0,        app,  ota_0,    0x10000, 0x700000,
spiffs,      data, spiffs,  0x710000, 0x200000,
model,       data, spiffs,  0x910000, 0x300000,
voice_data,  data, fat,     0xC10000, 0x3E0000,
coredump,    data, coredump,0xFF0000,  0x10000,
